<?xml version="1.0" encoding="ISO-8859-15"?>
<uc-export clientvers="12.0.0+low.build.9872">
<DOCU name="PCK.AUTOMIC_CA_APM.PUB.DOC">
<HEADER state="1">
<Title>Pack Documentation</Title>
<ArchiveKey1/>
<ArchiveKey2/>
<OH_SubType/>
</HEADER>
<DOCU_Docu state="1" type="text">
<DOC><![CDATA[About the Package
================================
CA Application Performance Management (CA APM) proactively monitors and provides diagnostic insights into applications across mobile, web, cloud, microservices, containers and mainframe. Patent-pending analytics provides expertise in the form of guided assisted triage workflows for in-depth, root-cause diagnostics across development and production applications, simplifying and speeding the time it takes to find and fix issues. CA Application Performance Management scales to your organization?s needs and automatically correlates multiple sources of data to help you sort through the data and act decisively, helping to improve user experience and application performance.
CA Application Performance Management is available on-premises for enterprise customers or through Digital Experience Insights from CA, our SaaS-based digital operations monitoring and analytics platform for cloud natives.

=Supported versions=
v 10.5

=Setup=
* The Agent should be able to access CA RA rest API endpoint URL in order to make HTTP requests.
* Oracle JRE 1.7 or higher must be installed on Agent OS and "java" must be set as executable on the same.
* Internet Connection should be available on Agent OS.
* Curl should be installed on the Agent OS.

=Common Inputs=
-REST API URL*:             The URL specifies the entry point of the CA APM REST service. E.g. http://207.138.132.8:10488
-Token*:                         	Specify the token to connect to CA APM

=Actions=
Following actions are supported.

* Action name: PCK.AUTOMIC_CA_APM.PUB.ACTION.ADD_CUSTOM_ATTRIBUTE
* Action Description: This action assigns new attribute value to a set of nodes (for individual nodes it is either creating a new attribute or updating an existing attribute).
]]></DOC>
</DOCU_Docu>
</DOCU>
</uc-export>