<?xml version="1.0" encoding="ISO-8859-15" standalone="no"?>
<uc-export clientvers="12.0.0+low.build.9872">
<FolderStruct>
<includeExternalObjects>0</includeExternalObjects>
<FOLD name="PCK.AUTOMIC_CA_APM" title="">
<VARA id="1207287" link="0" name="PCK.AUTOMIC_CA_APM.PUB.VAR.METADATA"/>
<FOLD name="ACTIONS" title="">
<FOLD name="CA_APM" title="">
<JOBP id="1207296" link="1" name="PCK.AUTOMIC_CA_APM.PUB.ACTION.ADD_CUSTOM_ATTRIBUTE"/>
</FOLD>
</FOLD>
<FOLD name="CONFIG" title="">
<VARA id="1207290" link="0" name="PCK.AUTOMIC_CA_APM.PUB.PROMPT_EXTERNAL_MAP"/>
</FOLD>
<FOLD name="DOCUMENTATION" title="">
<DOCU id="1207291" link="0" name="PCK.AUTOMIC_CA_APM.PUB.DOC"/>
<DOCU id="1207292" link="0" name="PCK.AUTOMIC_CA_APM.PUB.LICENSES"/>
</FOLD>
<FOLD name="SOURCE" title="">
<FOLD name="ADD_CUSTOM_ATTRIBUTE" title="">
<JOBP id="1207296" link="0" name="PCK.AUTOMIC_CA_APM.PUB.ACTION.ADD_CUSTOM_ATTRIBUTE"/>
<FOLD name="INTERNAL" title="">
<FOLD name="INCLUDES" title="">
<JOBI id="1207307" link="0" name="PCK.AUTOMIC_CA_APM.PUB.INCLUDE.CHECK_FAILED_IDS"/>
</FOLD>
<FOLD name="JOBS" title="">
<JOBS_UNIX id="1207308" link="0" name="PCK.AUTOMIC_CA_APM.PRV.JOB.ADD_CUSTOM_ATTRIBUTE@UNIX"/>
<JOBS_WINDOWS id="1207309" link="0" name="PCK.AUTOMIC_CA_APM.PRV.JOB.ADD_CUSTOM_ATTRIBUTE@WINDOWS"/>
</FOLD>
<FOLD name="PROMPTSETS" title="">
<PRPT id="1207310" link="0" name="PCK.AUTOMIC_CA_APM.PRV.PROMPTSET.ADD_CUSTOM_ATTRIBUTE"/>
</FOLD>
</FOLD>
</FOLD>
<FOLD name="SHARED" title="">
<FOLD name="INCLUDES" title="">
<JOBI id="1207302" link="0" name="PCK.AUTOMIC_CA_APM.PUB.INCLUDE.CHECK_JOBSTATUS@UNIX"/>
<JOBI id="1207303" link="0" name="PCK.AUTOMIC_CA_APM.PUB.INCLUDE.CHECK_JOBSTATUS@WIN"/>
<JOBI id="1207304" link="0" name="PCK.AUTOMIC_CA_APM.PUB.INCLUDE.ESCAPE_ARG_VALUE@UNIX"/>
<JOBI id="1207305" link="0" name="PCK.AUTOMIC_CA_APM.PUB.INCLUDE.ESCAPE_ARG_VALUE@WIN"/>
</FOLD>
<FOLD name="PROMPTSETS" title="">
<PRPT id="1207306" link="0" name="PCK.AUTOMIC_CA_APM.PUB.PROMPTSET.CONNECT_TO_CA_APM"/>
</FOLD>
</FOLD>
</FOLD>
</FOLD>
</FolderStruct>
<VARA OVD_VRName="FREI" data_type="STATIC" name="PCK.AUTOMIC_CA_APM.PUB.VAR.METADATA" replacementmode="2">
<HEADER state="1">
<Title/>
<ArchiveKey1/>
<ArchiveKey2/>
<OH_SubType>STATIC</OH_SubType>
</HEADER>
<ATTR_VARA state="1">
<Type>C|Text</Type>
<lblSource>Static</lblSource>
<source>STATIC</source>
<VRName>FREI|Freely selected</VRName>
<NotFoundErr>0</NotFoundErr>
<NotFoundDef>1</NotFoundDef>
<ShareN>0</ShareN>
<ShareL>0</ShareL>
<ShareR>0</ShareR>
<MaxValue_C>1024</MaxValue_C>
<CheckMax_C>0</CheckMax_C>
<uppercase>0</uppercase>
<sortColumn>0</sortColumn>
<sortDirection>0</sortDirection>
</ATTR_VARA>
<VARA state="1">
<Variables>
<row Name="Categories" Value="CA APM Integration" Value1="" Value2="" Value3="" Value4=""/>
<row Name="Company" Value="Automic Software GmbH" Value1="" Value2="" Value3="" Value4=""/>
<row Name="Dependencies" Value="PCK.ITPA_SHARED ~&gt; 1.1" Value1="" Value2="" Value3="" Value4=""/>
<row Name="Description" Value="Provides integration with CA APM" Value1="" Value2="" Value3="" Value4=""/>
<row Name="Homepage" Value="www.automic.com" Value1="" Value2="" Value3="" Value4=""/>
<row Name="License" Value="Automic License" Value1="" Value2="" Value3="" Value4=""/>
<row Name="Name" Value="PCK.AUTOMIC_CA_APM" Value1="" Value2="" Value3="" Value4=""/>
<row Name="Package Format Version" Value="0.1.0" Value1="" Value2="" Value3="" Value4=""/>
<row Name="Title" Value="AUTOMIC CA APM Package" Value1="" Value2="" Value3="" Value4=""/>
<row Name="Version" Value="1.0.0" Value1="" Value2="" Value3="" Value4=""/>
<row Name="Build Number" Value="4896" Value1="" Value2="" Value3="" Value4=""/>
<row Name="Revision" Value="431d272" Value1="" Value2="" Value3="" Value4=""/>
</Variables>
</VARA>
<DOCU_Docu state="1" type="text">
<DOC/>
</DOCU_Docu>
</VARA>
<VARA OVD_VRName="FREI" data_type="STATIC" name="PCK.AUTOMIC_CA_APM.PUB.PROMPT_EXTERNAL_MAP" replacementmode="2">
<HEADER state="1">
<Title>External Map</Title>
<ArchiveKey1/>
<ArchiveKey2/>
<OH_SubType>STATIC</OH_SubType>
</HEADER>
<ATTR_VARA state="1">
<Type>C|Text</Type>
<lblSource>Static</lblSource>
<source>STATIC</source>
<VRName>FREI|Freely selected</VRName>
<NotFoundErr>0</NotFoundErr>
<NotFoundDef>1</NotFoundDef>
<ShareN>0</ShareN>
<ShareL>0</ShareL>
<ShareR>0</ShareR>
<MaxValue_C>1024</MaxValue_C>
<CheckMax_C>0</CheckMax_C>
<uppercase>0</uppercase>
<sortColumn>0</sortColumn>
<sortDirection>0</sortDirection>
</ATTR_VARA>
<VARA state="1">
<Variables>
<row Name="PCK.AUTOMIC_CA_APM.PUB.ACTION.ADD_CUSTOM_ATTRIBUTE/AGENT#" Value="&amp;AGENT#" Value1="" Value2="" Value3="" Value4=""/>
<row Name="PCK.AUTOMIC_CA_APM.PUB.ACTION.ADD_CUSTOM_ATTRIBUTE/LOGIN#" Value="&amp;LOGIN#" Value1="" Value2="" Value3="" Value4=""/>
</Variables>
</VARA>
<DOCU_Docu state="1" type="text">
<DOC/>
</DOCU_Docu>
</VARA>
<DOCU name="PCK.AUTOMIC_CA_APM.PUB.DOC">
<HEADER state="1">
<Title>Pack Documentation</Title>
<ArchiveKey1/>
<ArchiveKey2/>
<OH_SubType/>
</HEADER>
<DOCU_Docu state="1" type="text">
<DOC><![CDATA[About the Package
================================
CA Application Performance Management (CA APM) proactively monitors and provides diagnostic insights into applications across mobile, web, cloud, microservices, containers and mainframe. Patent-pending analytics provides expertise in the form of guided assisted triage workflows for in-depth, root-cause diagnostics across development and production applications, simplifying and speeding the time it takes to find and fix issues. CA Application Performance Management scales to your organization?s needs and automatically correlates multiple sources of data to help you sort through the data and act decisively, helping to improve user experience and application performance.
CA Application Performance Management is available on-premises for enterprise customers or through Digital Experience Insights from CA, our SaaS-based digital operations monitoring and analytics platform for cloud natives.

=Supported versions=
v 10.5

=Setup=
* The Agent should be able to access CA RA rest API endpoint URL in order to make HTTP requests.
* Oracle JRE 1.7 or higher must be installed on Agent OS and "java" must be set as executable on the same.
* Internet Connection should be available on Agent OS.
* Curl should be installed on the Agent OS.

=Common Inputs=
-REST API URL*:             The URL specifies the entry point of the CA APM REST service. E.g. http://207.138.132.8:10488
-Token*:                         	Specify the token to connect to CA APM

=Actions=
Following actions are supported.

* Action name: PCK.AUTOMIC_CA_APM.PUB.ACTION.ADD_CUSTOM_ATTRIBUTE
* Action Description: This action assigns new attribute value to a set of nodes (for individual nodes it is either creating a new attribute or updating an existing attribute).
]]></DOC>
</DOCU_Docu>
</DOCU>
<DOCU name="PCK.AUTOMIC_CA_APM.PUB.LICENSES">
<HEADER state="1">
<Title/>
<ArchiveKey1/>
<ArchiveKey2/>
<OH_SubType/>
</HEADER>
<DOCU_Docu state="1" type="text">
<DOC/>
</DOCU_Docu>
</DOCU>
<JOBP AllowExternal="1" name="PCK.AUTOMIC_CA_APM.PUB.ACTION.ADD_CUSTOM_ATTRIBUTE">
<XHEADER state="1">
<Title>Add custom attribute</Title>
<ArchiveKey1/>
<ArchiveKey2/>
<Active>1</Active>
<OH_SubType/>
<CustomAttributes KeyListID="0" dataRequestID="0"/>
</XHEADER>
<SYNCREF state="1">
<Syncs/>
</SYNCREF>
<ATTR_JOBP state="1">
<Queue>CLIENT_QUEUE</Queue>
<ChildQueue>*OWN</ChildQueue>
<StartType/>
<ExtRepDef>1</ExtRepDef>
<ExtRepAll>0</ExtRepAll>
<ExtRepNone>0</ExtRepNone>
<IntAccount/>
<AutoDeactNo>0</AutoDeactNo>
<AutoDeact1ErrorFree>0</AutoDeact1ErrorFree>
<AutoDeactErrorFree>1</AutoDeactErrorFree>
<DeactWhen>ANY_OK</DeactWhen>
<AutoDeactAlways>0</AutoDeactAlways>
<DeactDelay>0</DeactDelay>
<ActAtRun>1</ActAtRun>
<UC4Priority>0</UC4Priority>
<PassPriority>0</PassPriority>
<MaxParallel2>0</MaxParallel2>
<ReuseHG>1</ReuseHG>
<MpElse1>1</MpElse1>
<MpElse2>0</MpElse2>
<TZ/>
<RWhen/>
<RExecute/>
<JPA_SubType/>
</ATTR_JOBP>
<JOBP state="1">
<JobpStruct mode="design">
<task Alias="" BranchType="0" Col="1" Lnr="1" OType="&lt;START&gt;" Object="START" ParentAlias="" ParentObject="" Row="2" Text2="">
<checkpoint RollbackFlag="0" RunPerPatch="0" RunPerTarget="0" TcpADays="0" TcpATime="00:00" TcpATimeTZ="" TcpExecute="" TcpOn="0" promptatgen="0" showprompt="0"/>
<after ActFlg="1" AtimOn="0" ErlstStDays="0" ErlstStTime="00:00" ErlstStTimeTZ="" HoldFlg="0"/>
<when ChkWhenExec="0" LtstEnd="0" LtstEndDays="0" LtstEndTime="00:00" LtstSt="0" LtstStDays="0" LtstStTime="00:00" LtstTimeTZ="" WCTypeAND="1" WCTypeOR="0" WElseA="0" WElseH="0" WElseS="1" WElseX="0" WhenExecute="" WtimOn="0"/>
<preconditions>
<PreCon>
<conditions id="CONDITIONS"/>
</PreCon>
</preconditions>
<predecessors/>
<runtime MrtCancel="0" MrtDays="0" MrtErt="0" MrtExecute="0" MrtExecuteObj="" MrtFix="0" MrtMethodDate="0" MrtMethodErt="0" MrtMethodFix="0" MrtMethodNone="1" MrtOn="1" MrtTZ="" MrtTime="00:00" SrtErt="0" SrtFix="0" SrtMethodErt="0" SrtMethodFix="0" SrtMethodNone="1"/>
<result ChkRExec="0" RElseHalt="0" RElseIgn="0" RElseJPAbend="0" RExecFlag="0" RExecute="" RRepMTimes="0" RRepOn="0" RRepWait="0" RWhen=""/>
<dynvalues>
<dyntree>
<node content="1" id="PCK.AUTOMIC_CA_APM.PUB.PROMPTSET.CONNECT_TO_CA_APM" name="PCK.AUTOMIC_CA_APM.PUB.PROMPTSET.CONNECT_TO_CA_APM" parent="PPRPTS" type="PPROMPTSET">
<PROMPTSET name="PCK.AUTOMIC_CA_APM.PUB.PROMPTSET.CONNECT_TO_CA_APM">
<PRPTBOX promptset="PCK.AUTOMIC_CA_APM.PUB.PROMPTSET.CONNECT_TO_CA_APM">
<UC4RB_CA_APM_TOKENs.00 ReadFromTable="OPUD" altview="0" haslist="0" msginsert="" msgnr="" promptname="UC4RB_CA_APM_TOKEN#" promptsetname="PCK.AUTOMIC_CA_APM.PUB.PROMPTSET.CONNECT_TO_CA_APM">--10</UC4RB_CA_APM_TOKENs.00>
<UC4RB_CA_APM_URLs.00 ReadFromTable="OPUD" altview="0" haslist="0" msginsert="" msgnr="" promptname="UC4RB_CA_APM_URL#" promptsetname="PCK.AUTOMIC_CA_APM.PUB.PROMPTSET.CONNECT_TO_CA_APM"/>
</PRPTBOX>
</PROMPTSET>
</node>
<node content="1" id="PCK.AUTOMIC_CA_APM.PRV.PROMPTSET.ADD_CUSTOM_ATTRIBUTE" name="PCK.AUTOMIC_CA_APM.PRV.PROMPTSET.ADD_CUSTOM_ATTRIBUTE" parent="PPRPTS" type="PPROMPTSET">
<PROMPTSET name="PCK.AUTOMIC_CA_APM.PRV.PROMPTSET.ADD_CUSTOM_ATTRIBUTE">
<PRPTBOX promptset="PCK.AUTOMIC_CA_APM.PRV.PROMPTSET.ADD_CUSTOM_ATTRIBUTE">
<UC4RB_CA_APM_ATTR_NAMEs.00 ReadFromTable="OPUD" altview="0" haslist="0" msginsert="" msgnr="" promptname="UC4RB_CA_APM_ATTR_NAME#" promptsetname="PCK.AUTOMIC_CA_APM.PRV.PROMPTSET.ADD_CUSTOM_ATTRIBUTE"/>
<UC4RB_CA_APM_ATTR_VALUEs.00 ReadFromTable="OPUD" altview="0" haslist="0" msginsert="" msgnr="" promptname="UC4RB_CA_APM_ATTR_VALUE#" promptsetname="PCK.AUTOMIC_CA_APM.PRV.PROMPTSET.ADD_CUSTOM_ATTRIBUTE"/>
<UC4RB_CA_APM_TRANS_IDSs.00 ReadFromTable="OPUD" altview="0" haslist="0" msginsert="" msgnr="" promptname="UC4RB_CA_APM_TRANS_IDS#" promptsetname="PCK.AUTOMIC_CA_APM.PRV.PROMPTSET.ADD_CUSTOM_ATTRIBUTE"/>
</PRPTBOX>
</PROMPTSET>
</node>
<node content="1" id="PCK.ITPA_SHARED.PUB.PROMPTSET.SUDO" name="PCK.ITPA_SHARED.PUB.PROMPTSET.SUDO" parent="PPRPTS" type="PPROMPTSET">
<PROMPTSET name="PCK.ITPA_SHARED.PUB.PROMPTSET.SUDO">
<PRPTBOX promptset="PCK.ITPA_SHARED.PUB.PROMPTSET.SUDO">
<UC4RB_SUDO_PASSWORDs.00 ReadFromTable="OPUD" altview="0" haslist="0" msginsert="" msgnr="" promptname="UC4RB_SUDO_PASSWORD#" promptsetname="PCK.ITPA_SHARED.PUB.PROMPTSET.SUDO">--10</UC4RB_SUDO_PASSWORDs.00>
<UC4RB_SUDO_USERs.00 ReadFromTable="OPUD" altview="0" haslist="0" msginsert="" msgnr="" promptname="UC4RB_SUDO_USER#" promptsetname="PCK.ITPA_SHARED.PUB.PROMPTSET.SUDO"/>
<UC4RB_USE_SUDOs.00 ReadFromTable="OPUD" altview="0" haslist="0" msginsert="" msgnr="" promptname="UC4RB_USE_SUDO#" promptsetname="PCK.ITPA_SHARED.PUB.PROMPTSET.SUDO">None</UC4RB_USE_SUDOs.00>
</PRPTBOX>
</PROMPTSET>
</node>
<node content="1" id="PCK.ITPA_SHARED.PRV.PROMPTSET.OVERWRITE_AGENT" name="PCK.ITPA_SHARED.PRV.PROMPTSET.OVERWRITE_AGENT" parent="PPRPTS" type="PPROMPTSET">
<PROMPTSET name="PCK.ITPA_SHARED.PRV.PROMPTSET.OVERWRITE_AGENT">
<PRPTBOX promptset="PCK.ITPA_SHARED.PRV.PROMPTSET.OVERWRITE_AGENT">
<AGENTs.00 ReadFromTable="OPUD" altview="1" haslist="0" msginsert="" msgnr="" promptname="AGENT#" promptsetname="PCK.ITPA_SHARED.PRV.PROMPTSET.OVERWRITE_AGENT">&amp;AGENT#</AGENTs.00>
<LOGINs.00 ReadFromTable="OPUD" altview="1" haslist="0" msginsert="" msgnr="" promptname="LOGIN#" promptsetname="PCK.ITPA_SHARED.PRV.PROMPTSET.OVERWRITE_AGENT">&amp;LOGIN#</LOGINs.00>
</PRPTBOX>
</PROMPTSET>
</node>
</dyntree>
</dynvalues>
<CIT/>
<calendars CCTypeAll="0" CCTypeExt="0" CCTypeNone="0" CCTypeOne="1" CaleOn="0"/>
<postconditions>
<PostCon>
<conditions id="CONDITIONS"/>
</PostCon>
</postconditions>
</task>
<task Alias="ADD_CUSTOM_ATTRIBUTE" BranchType="0" Col="2" Lnr="2" OType="JOBS" Object="PCK.AUTOMIC_CA_APM.PRV.JOB.ADD_CUSTOM_ATTRIBUTE@WINDOWS" ParentAlias="" ParentObject="" Row="1" Text2="">
<checkpoint RollbackFlag="0" RunPerPatch="0" RunPerTarget="0" TcpADays="0" TcpATime="00:00" TcpATimeTZ="" TcpExecute="" TcpOn="0" promptatgen="0" showprompt="0"/>
<after ActFlg="1" AtimOn="0" ErlstStDays="0" ErlstStTime="00:00" ErlstStTimeTZ="" HoldFlg="0"/>
<when ChkWhenExec="0" LtstEnd="0" LtstEndDays="0" LtstEndTime="00:00" LtstSt="0" LtstStDays="0" LtstStTime="00:00" LtstTimeTZ="" WCTypeAND="1" WCTypeOR="0" WElseA="1" WElseH="0" WElseS="0" WElseX="0" WhenExecute="" WtimOn="0"/>
<preconditions>
<PreCon>
<conditions id="CONDITIONS"/>
</PreCon>
</preconditions>
<predecessors>
<pre BranchType="0" Lnr="1" PreLnr="1" When="ANY_OK" type="container"/>
</predecessors>
<runtime MrtCancel="0" MrtDays="0" MrtErt="0" MrtExecute="0" MrtExecuteObj="" MrtFix="0" MrtMethodDate="0" MrtMethodErt="0" MrtMethodFix="0" MrtMethodNone="1" MrtOn="1" MrtTZ="" MrtTime="00:00" SrtErt="0" SrtFix="0" SrtMethodErt="0" SrtMethodFix="0" SrtMethodNone="1"/>
<result ChkRExec="0" RElseHalt="0" RElseIgn="0" RElseJPAbend="0" RExecFlag="0" RExecute="" RRepMTimes="0" RRepOn="0" RRepWait="0" RWhen=""/>
<dynvalues>
<dyntree>
<node content="1" id="VALUE" name="Variables" parent="" type="TASKVALUE">
<VALUE state="2">
<Values/>
<Mode>0</Mode>
</VALUE>
</node>
<node content="1" id="PVALUE" name="Parent Variables" parent="" type="TASKVALUE">
<VALUE state="2">
<Values/>
<Mode>1</Mode>
</VALUE>
</node>
<node content="1" id="PRPTS" name="PromptSets" parent="" pref="1" type="PROMPTSET"/>
<node content="0" id="PPRPTS" name="Parent PromptSets" parent="" type="PPROMPTSET"/>
<node content="1" id="PCK.AUTOMIC_CA_APM.PUB.PROMPTSET.CONNECT_TO_CA_APM" name="PCK.AUTOMIC_CA_APM.PUB.PROMPTSET.CONNECT_TO_CA_APM" parent="PPRPTS" type="PPROMPTSET">
<PROMPTSET name="PCK.AUTOMIC_CA_APM.PUB.PROMPTSET.CONNECT_TO_CA_APM">
<PRPTBOX promptset="PCK.AUTOMIC_CA_APM.PUB.PROMPTSET.CONNECT_TO_CA_APM">
<UC4RB_CA_APM_TOKENs.00 ReadFromTable="OPUD" altview="0" haslist="0" msginsert="" msgnr="" promptname="UC4RB_CA_APM_TOKEN#" promptsetname="PCK.AUTOMIC_CA_APM.PUB.PROMPTSET.CONNECT_TO_CA_APM">--10</UC4RB_CA_APM_TOKENs.00>
<UC4RB_CA_APM_URLs.00 ReadFromTable="OPUD" altview="0" haslist="0" msginsert="" msgnr="" promptname="UC4RB_CA_APM_URL#" promptsetname="PCK.AUTOMIC_CA_APM.PUB.PROMPTSET.CONNECT_TO_CA_APM"/>
</PRPTBOX>
</PROMPTSET>
</node>
<node content="1" id="PCK.AUTOMIC_CA_APM.PRV.PROMPTSET.ADD_CUSTOM_ATTRIBUTE" name="PCK.AUTOMIC_CA_APM.PRV.PROMPTSET.ADD_CUSTOM_ATTRIBUTE" parent="PPRPTS" type="PPROMPTSET">
<PROMPTSET name="PCK.AUTOMIC_CA_APM.PRV.PROMPTSET.ADD_CUSTOM_ATTRIBUTE">
<PRPTBOX promptset="PCK.AUTOMIC_CA_APM.PRV.PROMPTSET.ADD_CUSTOM_ATTRIBUTE">
<UC4RB_CA_APM_ATTR_NAMEs.00 ReadFromTable="OPUD" altview="0" haslist="0" msginsert="" msgnr="" promptname="UC4RB_CA_APM_ATTR_NAME#" promptsetname="PCK.AUTOMIC_CA_APM.PRV.PROMPTSET.ADD_CUSTOM_ATTRIBUTE"/>
<UC4RB_CA_APM_ATTR_VALUEs.00 ReadFromTable="OPUD" altview="0" haslist="0" msginsert="" msgnr="" promptname="UC4RB_CA_APM_ATTR_VALUE#" promptsetname="PCK.AUTOMIC_CA_APM.PRV.PROMPTSET.ADD_CUSTOM_ATTRIBUTE"/>
<UC4RB_CA_APM_TRANS_IDSs.00 ReadFromTable="OPUD" altview="0" haslist="0" msginsert="" msgnr="" promptname="UC4RB_CA_APM_TRANS_IDS#" promptsetname="PCK.AUTOMIC_CA_APM.PRV.PROMPTSET.ADD_CUSTOM_ATTRIBUTE"/>
</PRPTBOX>
</PROMPTSET>
</node>
<node content="1" id="PCK.ITPA_SHARED.PUB.PROMPTSET.SUDO" name="PCK.ITPA_SHARED.PUB.PROMPTSET.SUDO" parent="PPRPTS" type="PPROMPTSET">
<PROMPTSET name="PCK.ITPA_SHARED.PUB.PROMPTSET.SUDO">
<PRPTBOX promptset="PCK.ITPA_SHARED.PUB.PROMPTSET.SUDO">
<UC4RB_SUDO_PASSWORDs.00 ReadFromTable="OPUD" altview="0" haslist="0" msginsert="" msgnr="" promptname="UC4RB_SUDO_PASSWORD#" promptsetname="PCK.ITPA_SHARED.PUB.PROMPTSET.SUDO">--10</UC4RB_SUDO_PASSWORDs.00>
<UC4RB_SUDO_USERs.00 ReadFromTable="OPUD" altview="0" haslist="0" msginsert="" msgnr="" promptname="UC4RB_SUDO_USER#" promptsetname="PCK.ITPA_SHARED.PUB.PROMPTSET.SUDO"/>
<UC4RB_USE_SUDOs.00 ReadFromTable="OPUD" altview="0" haslist="0" msginsert="" msgnr="" promptname="UC4RB_USE_SUDO#" promptsetname="PCK.ITPA_SHARED.PUB.PROMPTSET.SUDO">None</UC4RB_USE_SUDOs.00>
</PRPTBOX>
</PROMPTSET>
</node>
<node content="1" id="PCK.ITPA_SHARED.PRV.PROMPTSET.OVERWRITE_AGENT" name="PCK.ITPA_SHARED.PRV.PROMPTSET.OVERWRITE_AGENT" parent="PPRPTS" type="PPROMPTSET">
<PROMPTSET name="PCK.ITPA_SHARED.PRV.PROMPTSET.OVERWRITE_AGENT">
<PRPTBOX promptset="PCK.ITPA_SHARED.PRV.PROMPTSET.OVERWRITE_AGENT">
<AGENTs.00 ReadFromTable="OPUD" altview="1" haslist="0" msginsert="" msgnr="" promptname="AGENT#" promptsetname="PCK.ITPA_SHARED.PRV.PROMPTSET.OVERWRITE_AGENT">&amp;AGENT#</AGENTs.00>
<LOGINs.00 ReadFromTable="OPUD" altview="1" haslist="0" msginsert="" msgnr="" promptname="LOGIN#" promptsetname="PCK.ITPA_SHARED.PRV.PROMPTSET.OVERWRITE_AGENT">&amp;LOGIN#</LOGINs.00>
</PRPTBOX>
</PROMPTSET>
</node>
</dyntree>
</dynvalues>
<CIT/>
<calendars CCTypeAll="0" CCTypeExt="0" CCTypeNone="0" CCTypeOne="1" CaleOn="0"/>
<postconditions>
<PostCon>
<conditions id="CONDITIONS"/>
</PostCon>
</postconditions>
</task>
<task Alias="ADD_CUSTOM_ATTRIBUTE" BranchType="0" Col="2" Lnr="3" OType="JOBS" Object="PCK.AUTOMIC_CA_APM.PRV.JOB.ADD_CUSTOM_ATTRIBUTE@UNIX" ParentAlias="" ParentObject="" Row="3" Text2="">
<checkpoint RollbackFlag="0" RunPerPatch="0" RunPerTarget="0" TcpADays="0" TcpATime="00:00" TcpATimeTZ="" TcpExecute="" TcpOn="0" promptatgen="0" showprompt="0"/>
<after ActFlg="1" AtimOn="0" ErlstStDays="0" ErlstStTime="00:00" ErlstStTimeTZ="" HoldFlg="0"/>
<when ChkWhenExec="0" LtstEnd="0" LtstEndDays="0" LtstEndTime="00:00" LtstSt="0" LtstStDays="0" LtstStTime="00:00" LtstTimeTZ="" WCTypeAND="1" WCTypeOR="0" WElseA="1" WElseH="0" WElseS="0" WElseX="0" WhenExecute="" WtimOn="0"/>
<preconditions>
<PreCon>
<conditions id="CONDITIONS"/>
</PreCon>
</preconditions>
<predecessors>
<pre BranchType="0" Lnr="1" PreLnr="1" When="ANY_OK" type="container"/>
</predecessors>
<runtime MrtCancel="0" MrtDays="0" MrtErt="0" MrtExecute="0" MrtExecuteObj="" MrtFix="0" MrtMethodDate="0" MrtMethodErt="0" MrtMethodFix="0" MrtMethodNone="1" MrtOn="1" MrtTZ="" MrtTime="00:00" SrtErt="0" SrtFix="0" SrtMethodErt="0" SrtMethodFix="0" SrtMethodNone="1"/>
<result ChkRExec="0" RElseHalt="0" RElseIgn="0" RElseJPAbend="0" RExecFlag="0" RExecute="" RRepMTimes="0" RRepOn="0" RRepWait="0" RWhen=""/>
<dynvalues>
<dyntree>
<node content="1" id="VALUE" name="Variables" parent="" type="TASKVALUE">
<VALUE state="2">
<Values/>
<Mode>0</Mode>
</VALUE>
</node>
<node content="1" id="PVALUE" name="Parent Variables" parent="" type="TASKVALUE">
<VALUE state="2">
<Values/>
<Mode>1</Mode>
</VALUE>
</node>
<node content="1" id="PRPTS" name="PromptSets" parent="" pref="1" type="PROMPTSET"/>
<node content="0" id="PPRPTS" name="Parent PromptSets" parent="" type="PPROMPTSET"/>
<node content="1" id="PCK.AUTOMIC_CA_APM.PUB.PROMPTSET.CONNECT_TO_CA_APM" name="PCK.AUTOMIC_CA_APM.PUB.PROMPTSET.CONNECT_TO_CA_APM" parent="PPRPTS" type="PPROMPTSET">
<PROMPTSET name="PCK.AUTOMIC_CA_APM.PUB.PROMPTSET.CONNECT_TO_CA_APM">
<PRPTBOX promptset="PCK.AUTOMIC_CA_APM.PUB.PROMPTSET.CONNECT_TO_CA_APM">
<UC4RB_CA_APM_TOKENs.00 ReadFromTable="OPUD" altview="0" haslist="0" msginsert="" msgnr="" promptname="UC4RB_CA_APM_TOKEN#" promptsetname="PCK.AUTOMIC_CA_APM.PUB.PROMPTSET.CONNECT_TO_CA_APM">--10</UC4RB_CA_APM_TOKENs.00>
<UC4RB_CA_APM_URLs.00 ReadFromTable="OPUD" altview="0" haslist="0" msginsert="" msgnr="" promptname="UC4RB_CA_APM_URL#" promptsetname="PCK.AUTOMIC_CA_APM.PUB.PROMPTSET.CONNECT_TO_CA_APM"/>
</PRPTBOX>
</PROMPTSET>
</node>
<node content="1" id="PCK.AUTOMIC_CA_APM.PRV.PROMPTSET.ADD_CUSTOM_ATTRIBUTE" name="PCK.AUTOMIC_CA_APM.PRV.PROMPTSET.ADD_CUSTOM_ATTRIBUTE" parent="PPRPTS" type="PPROMPTSET">
<PROMPTSET name="PCK.AUTOMIC_CA_APM.PRV.PROMPTSET.ADD_CUSTOM_ATTRIBUTE">
<PRPTBOX promptset="PCK.AUTOMIC_CA_APM.PRV.PROMPTSET.ADD_CUSTOM_ATTRIBUTE">
<UC4RB_CA_APM_ATTR_NAMEs.00 ReadFromTable="OPUD" altview="0" haslist="0" msginsert="" msgnr="" promptname="UC4RB_CA_APM_ATTR_NAME#" promptsetname="PCK.AUTOMIC_CA_APM.PRV.PROMPTSET.ADD_CUSTOM_ATTRIBUTE"/>
<UC4RB_CA_APM_ATTR_VALUEs.00 ReadFromTable="OPUD" altview="0" haslist="0" msginsert="" msgnr="" promptname="UC4RB_CA_APM_ATTR_VALUE#" promptsetname="PCK.AUTOMIC_CA_APM.PRV.PROMPTSET.ADD_CUSTOM_ATTRIBUTE"/>
<UC4RB_CA_APM_TRANS_IDSs.00 ReadFromTable="OPUD" altview="0" haslist="0" msginsert="" msgnr="" promptname="UC4RB_CA_APM_TRANS_IDS#" promptsetname="PCK.AUTOMIC_CA_APM.PRV.PROMPTSET.ADD_CUSTOM_ATTRIBUTE"/>
</PRPTBOX>
</PROMPTSET>
</node>
<node content="1" id="PCK.ITPA_SHARED.PUB.PROMPTSET.SUDO" name="PCK.ITPA_SHARED.PUB.PROMPTSET.SUDO" parent="PPRPTS" type="PPROMPTSET">
<PROMPTSET name="PCK.ITPA_SHARED.PUB.PROMPTSET.SUDO">
<PRPTBOX promptset="PCK.ITPA_SHARED.PUB.PROMPTSET.SUDO">
<UC4RB_SUDO_PASSWORDs.00 ReadFromTable="OPUD" altview="0" haslist="0" msginsert="" msgnr="" promptname="UC4RB_SUDO_PASSWORD#" promptsetname="PCK.ITPA_SHARED.PUB.PROMPTSET.SUDO">--10</UC4RB_SUDO_PASSWORDs.00>
<UC4RB_SUDO_USERs.00 ReadFromTable="OPUD" altview="0" haslist="0" msginsert="" msgnr="" promptname="UC4RB_SUDO_USER#" promptsetname="PCK.ITPA_SHARED.PUB.PROMPTSET.SUDO"/>
<UC4RB_USE_SUDOs.00 ReadFromTable="OPUD" altview="0" haslist="0" msginsert="" msgnr="" promptname="UC4RB_USE_SUDO#" promptsetname="PCK.ITPA_SHARED.PUB.PROMPTSET.SUDO">None</UC4RB_USE_SUDOs.00>
</PRPTBOX>
</PROMPTSET>
</node>
<node content="1" id="PCK.ITPA_SHARED.PRV.PROMPTSET.OVERWRITE_AGENT" name="PCK.ITPA_SHARED.PRV.PROMPTSET.OVERWRITE_AGENT" parent="PPRPTS" type="PPROMPTSET">
<PROMPTSET name="PCK.ITPA_SHARED.PRV.PROMPTSET.OVERWRITE_AGENT">
<PRPTBOX promptset="PCK.ITPA_SHARED.PRV.PROMPTSET.OVERWRITE_AGENT">
<AGENTs.00 ReadFromTable="OPUD" altview="1" haslist="0" msginsert="" msgnr="" promptname="AGENT#" promptsetname="PCK.ITPA_SHARED.PRV.PROMPTSET.OVERWRITE_AGENT">&amp;AGENT#</AGENTs.00>
<LOGINs.00 ReadFromTable="OPUD" altview="1" haslist="0" msginsert="" msgnr="" promptname="LOGIN#" promptsetname="PCK.ITPA_SHARED.PRV.PROMPTSET.OVERWRITE_AGENT">&amp;LOGIN#</LOGINs.00>
</PRPTBOX>
</PROMPTSET>
</node>
</dyntree>
</dynvalues>
<CIT/>
<calendars CCTypeAll="0" CCTypeExt="0" CCTypeNone="0" CCTypeOne="1" CaleOn="0"/>
<postconditions>
<PostCon>
<conditions id="CONDITIONS"/>
</PostCon>
</postconditions>
</task>
<task Alias="" BranchType="0" Col="3" Lnr="4" OType="&lt;END&gt;" Object="END" ParentAlias="" ParentObject="" Row="2" Text2="">
<checkpoint RollbackFlag="0" RunPerPatch="0" RunPerTarget="0" TcpADays="0" TcpATime="00:00" TcpATimeTZ="" TcpExecute="" TcpOn="0" promptatgen="0" showprompt="0"/>
<after ActFlg="1" AtimOn="0" ErlstStDays="0" ErlstStTime="00:00" ErlstStTimeTZ="" HoldFlg="0"/>
<when ChkWhenExec="0" LtstEnd="0" LtstEndDays="0" LtstEndTime="00:00" LtstSt="0" LtstStDays="0" LtstStTime="00:00" LtstTimeTZ="" WCTypeAND="1" WCTypeOR="0" WElseA="1" WElseH="0" WElseS="0" WElseX="0" WhenExecute="" WtimOn="0"/>
<preconditions>
<PreCon>
<conditions id="CONDITIONS"/>
</PreCon>
</preconditions>
<predecessors>
<pre BranchType="0" Lnr="1" PreLnr="3" When="ANY_OK" type="container"/>
<pre BranchType="0" Lnr="2" PreLnr="2" When="ANY_OK" type="container"/>
</predecessors>
<runtime MrtCancel="0" MrtDays="0" MrtErt="0" MrtExecute="0" MrtExecuteObj="" MrtFix="0" MrtMethodDate="0" MrtMethodErt="0" MrtMethodFix="0" MrtMethodNone="1" MrtOn="1" MrtTZ="" MrtTime="00:00" SrtErt="0" SrtFix="0" SrtMethodErt="0" SrtMethodFix="0" SrtMethodNone="1"/>
<result ChkRExec="0" RElseHalt="0" RElseIgn="0" RElseJPAbend="0" RExecFlag="0" RExecute="" RRepMTimes="0" RRepOn="0" RRepWait="0" RWhen=""/>
<dynvalues>
<dyntree>
<node content="1" id="PCK.AUTOMIC_CA_APM.PUB.PROMPTSET.CONNECT_TO_CA_APM" name="PCK.AUTOMIC_CA_APM.PUB.PROMPTSET.CONNECT_TO_CA_APM" parent="PPRPTS" type="PPROMPTSET">
<PROMPTSET name="PCK.AUTOMIC_CA_APM.PUB.PROMPTSET.CONNECT_TO_CA_APM">
<PRPTBOX promptset="PCK.AUTOMIC_CA_APM.PUB.PROMPTSET.CONNECT_TO_CA_APM">
<UC4RB_CA_APM_TOKENs.00 ReadFromTable="OPUD" altview="0" haslist="0" msginsert="" msgnr="" promptname="UC4RB_CA_APM_TOKEN#" promptsetname="PCK.AUTOMIC_CA_APM.PUB.PROMPTSET.CONNECT_TO_CA_APM">--10</UC4RB_CA_APM_TOKENs.00>
<UC4RB_CA_APM_URLs.00 ReadFromTable="OPUD" altview="0" haslist="0" msginsert="" msgnr="" promptname="UC4RB_CA_APM_URL#" promptsetname="PCK.AUTOMIC_CA_APM.PUB.PROMPTSET.CONNECT_TO_CA_APM"/>
</PRPTBOX>
</PROMPTSET>
</node>
<node content="1" id="PCK.AUTOMIC_CA_APM.PRV.PROMPTSET.ADD_CUSTOM_ATTRIBUTE" name="PCK.AUTOMIC_CA_APM.PRV.PROMPTSET.ADD_CUSTOM_ATTRIBUTE" parent="PPRPTS" type="PPROMPTSET">
<PROMPTSET name="PCK.AUTOMIC_CA_APM.PRV.PROMPTSET.ADD_CUSTOM_ATTRIBUTE">
<PRPTBOX promptset="PCK.AUTOMIC_CA_APM.PRV.PROMPTSET.ADD_CUSTOM_ATTRIBUTE">
<UC4RB_CA_APM_ATTR_NAMEs.00 ReadFromTable="OPUD" altview="0" haslist="0" msginsert="" msgnr="" promptname="UC4RB_CA_APM_ATTR_NAME#" promptsetname="PCK.AUTOMIC_CA_APM.PRV.PROMPTSET.ADD_CUSTOM_ATTRIBUTE"/>
<UC4RB_CA_APM_ATTR_VALUEs.00 ReadFromTable="OPUD" altview="0" haslist="0" msginsert="" msgnr="" promptname="UC4RB_CA_APM_ATTR_VALUE#" promptsetname="PCK.AUTOMIC_CA_APM.PRV.PROMPTSET.ADD_CUSTOM_ATTRIBUTE"/>
<UC4RB_CA_APM_TRANS_IDSs.00 ReadFromTable="OPUD" altview="0" haslist="0" msginsert="" msgnr="" promptname="UC4RB_CA_APM_TRANS_IDS#" promptsetname="PCK.AUTOMIC_CA_APM.PRV.PROMPTSET.ADD_CUSTOM_ATTRIBUTE"/>
</PRPTBOX>
</PROMPTSET>
</node>
<node content="1" id="PCK.ITPA_SHARED.PUB.PROMPTSET.SUDO" name="PCK.ITPA_SHARED.PUB.PROMPTSET.SUDO" parent="PPRPTS" type="PPROMPTSET">
<PROMPTSET name="PCK.ITPA_SHARED.PUB.PROMPTSET.SUDO">
<PRPTBOX promptset="PCK.ITPA_SHARED.PUB.PROMPTSET.SUDO">
<UC4RB_SUDO_PASSWORDs.00 ReadFromTable="OPUD" altview="0" haslist="0" msginsert="" msgnr="" promptname="UC4RB_SUDO_PASSWORD#" promptsetname="PCK.ITPA_SHARED.PUB.PROMPTSET.SUDO">--10</UC4RB_SUDO_PASSWORDs.00>
<UC4RB_SUDO_USERs.00 ReadFromTable="OPUD" altview="0" haslist="0" msginsert="" msgnr="" promptname="UC4RB_SUDO_USER#" promptsetname="PCK.ITPA_SHARED.PUB.PROMPTSET.SUDO"/>
<UC4RB_USE_SUDOs.00 ReadFromTable="OPUD" altview="0" haslist="0" msginsert="" msgnr="" promptname="UC4RB_USE_SUDO#" promptsetname="PCK.ITPA_SHARED.PUB.PROMPTSET.SUDO">None</UC4RB_USE_SUDOs.00>
</PRPTBOX>
</PROMPTSET>
</node>
<node content="1" id="PCK.ITPA_SHARED.PRV.PROMPTSET.OVERWRITE_AGENT" name="PCK.ITPA_SHARED.PRV.PROMPTSET.OVERWRITE_AGENT" parent="PPRPTS" type="PPROMPTSET">
<PROMPTSET name="PCK.ITPA_SHARED.PRV.PROMPTSET.OVERWRITE_AGENT">
<PRPTBOX promptset="PCK.ITPA_SHARED.PRV.PROMPTSET.OVERWRITE_AGENT">
<AGENTs.00 ReadFromTable="OPUD" altview="1" haslist="0" msginsert="" msgnr="" promptname="AGENT#" promptsetname="PCK.ITPA_SHARED.PRV.PROMPTSET.OVERWRITE_AGENT">&amp;AGENT#</AGENTs.00>
<LOGINs.00 ReadFromTable="OPUD" altview="1" haslist="0" msginsert="" msgnr="" promptname="LOGIN#" promptsetname="PCK.ITPA_SHARED.PRV.PROMPTSET.OVERWRITE_AGENT">&amp;LOGIN#</LOGINs.00>
</PRPTBOX>
</PROMPTSET>
</node>
</dyntree>
</dynvalues>
<CIT/>
<calendars CCTypeAll="0" CCTypeExt="0" CCTypeNone="0" CCTypeOne="1" CaleOn="0"/>
<postconditions>
<PostCon>
<conditions id="CONDITIONS"/>
</PostCon>
</postconditions>
</task>
<OPTIONS/>
</JobpStruct>
</JOBP>
<RUNTIME state="1">
<MaxRetCode>0</MaxRetCode>
<MrcExecute/>
<MrcElseE>0</MrcElseE>
<FcstStatus>0| |</FcstStatus>
<Ert>0</Ert>
<ErtMethodDef>1</ErtMethodDef>
<ErtMethodFix>0</ErtMethodFix>
<ErtFix>0</ErtFix>
<ErtDynMethod>2|Average</ErtDynMethod>
<ErtMethodDyn>0</ErtMethodDyn>
<ErtCnt>0</ErtCnt>
<ErtCorr>0</ErtCorr>
<ErtIgn>0</ErtIgn>
<ErtIgnFlg>0</ErtIgnFlg>
<ErtMinCnt>0</ErtMinCnt>
<MrtMethodNone>1</MrtMethodNone>
<MrtMethodFix>0</MrtMethodFix>
<MrtFix>0</MrtFix>
<MrtMethodErt>0</MrtMethodErt>
<MrtErt>0</MrtErt>
<MrtMethodDate>0</MrtMethodDate>
<MrtDays>0</MrtDays>
<MrtTime>00:00</MrtTime>
<MrtTZ/>
<SrtMethodNone>1</SrtMethodNone>
<SrtMethodFix>0</SrtMethodFix>
<SrtFix>0</SrtFix>
<SrtMethodErt>0</SrtMethodErt>
<SrtErt>0</SrtErt>
<MrtCancel>0</MrtCancel>
<MrtExecute>0</MrtExecute>
<MrtExecuteObj/>
</RUNTIME>
<DYNVALUES state="1">
<dyntree>
<node content="1" id="VALUE" name="Variables" parent="" type="VALUE">
<VALUE state="1">
<Values/>
<Mode>1</Mode>
</VALUE>
</node>
<node content="1" id="PCK.AUTOMIC_CA_APM.PUB.PROMPTSET.CONNECT_TO_CA_APM" name="PCK.AUTOMIC_CA_APM.PUB.PROMPTSET.CONNECT_TO_CA_APM" parent="PRPTS" type="PROMPTSET">
<PROMPTSET name="PCK.AUTOMIC_CA_APM.PUB.PROMPTSET.CONNECT_TO_CA_APM" ontop="1">
<PRPTBOX promptset="PCK.AUTOMIC_CA_APM.PUB.PROMPTSET.CONNECT_TO_CA_APM" prptmode="1">
<UC4RB_CA_APM_URLs.00 altview="0" haslist="0"/>
<UC4RB_CA_APM_TOKENs.00 altview="0" haslist="0">--10</UC4RB_CA_APM_TOKENs.00>
</PRPTBOX>
</PROMPTSET>
</node>
<node content="1" id="PCK.AUTOMIC_CA_APM.PRV.PROMPTSET.ADD_CUSTOM_ATTRIBUTE" name="PCK.AUTOMIC_CA_APM.PRV.PROMPTSET.ADD_CUSTOM_ATTRIBUTE" parent="PRPTS" type="PROMPTSET">
<PROMPTSET name="PCK.AUTOMIC_CA_APM.PRV.PROMPTSET.ADD_CUSTOM_ATTRIBUTE" ontop="1">
<PRPTBOX promptset="PCK.AUTOMIC_CA_APM.PRV.PROMPTSET.ADD_CUSTOM_ATTRIBUTE" prptmode="1">
<UC4RB_CA_APM_TRANS_IDSs.00 altview="0" haslist="0"/>
<UC4RB_CA_APM_ATTR_NAMEs.00 altview="0" haslist="0"/>
<UC4RB_CA_APM_ATTR_VALUEs.00 altview="0" haslist="0"/>
</PRPTBOX>
</PROMPTSET>
</node>
<node content="1" id="PCK.ITPA_SHARED.PUB.PROMPTSET.SUDO" name="PCK.ITPA_SHARED.PUB.PROMPTSET.SUDO" parent="PRPTS" type="PROMPTSET">
<PROMPTSET name="PCK.ITPA_SHARED.PUB.PROMPTSET.SUDO" ontop="1">
<PRPTBOX promptset="PCK.ITPA_SHARED.PUB.PROMPTSET.SUDO" prptmode="1">
<UC4RB_SUDO_PASSWORDs.00 altview="0" haslist="0">--10</UC4RB_SUDO_PASSWORDs.00>
<UC4RB_USE_SUDOs.00 altview="0" haslist="0">None</UC4RB_USE_SUDOs.00>
<UC4RB_SUDO_USERs.00 altview="0" haslist="0"/>
</PRPTBOX>
</PROMPTSET>
</node>
<node content="1" id="PCK.ITPA_SHARED.PRV.PROMPTSET.OVERWRITE_AGENT" name="PCK.ITPA_SHARED.PRV.PROMPTSET.OVERWRITE_AGENT" parent="PRPTS" type="PROMPTSET">
<PROMPTSET name="PCK.ITPA_SHARED.PRV.PROMPTSET.OVERWRITE_AGENT" ontop="1">
<PRPTBOX promptset="PCK.ITPA_SHARED.PRV.PROMPTSET.OVERWRITE_AGENT" prptmode="1">
<AGENTs.00 altview="1" haslist="0">&amp;AGENT#</AGENTs.00>
<LOGINs.00 altview="1" haslist="0">&amp;LOGIN#</LOGINs.00>
</PRPTBOX>
</PROMPTSET>
</node>
</dyntree>
</DYNVALUES>
<DEPLOYMENT state="1">
<DeploymentFlag>0</DeploymentFlag>
<WFTypeA>1</WFTypeA>
<WFTypeC>0</WFTypeC>
<AppName/>
<WFName/>
<ComponentName/>
</DEPLOYMENT>
<ROLLBACK state="1">
<RollbackFlag>0</RollbackFlag>
<CBackupObj/>
<CRollbackObj/>
<FBackupPath/>
<FDeleteBefore>0</FDeleteBefore>
<FInclSubDirs>0</FInclSubDirs>
</ROLLBACK>
<SCRIPT mode="1" state="1">
<MSCRI/>
</SCRIPT>
<DOCU_Docu state="1" type="text">
<DOC><![CDATA[= Action name =
PCK.AUTOMIC_CA_APM.PUB.ACTION.ADD_CUSTOM_ATTRIBUTE

= General description =
This action assigns new attribute value to a set of nodes (for individual nodes it is either creating a new attribute or updating an existing attribute)

= Failure Conditions =
* If user provides non-existing vertex id

= Inputs =
- Vertex IDs*: 					                	Provide list of vertex ids, to which you want to add/update custom attributes. E.g. 0:1, 0:65,0:63 ,0:1053
- Attribute Name*:						        Provide the name of the attribute you want to add/update. E.g. build-number
- Attribute Value*:							Provide the value of the attribute to be assigned. E.g. 123

= Behavior =
* If Vertex Id does not start with 0 (e.g. 1:8), action will pass and it won't get any response for the specified vertex Id(s).
* Action will fail if the action failed to update custom attribute for any of the provided vertex Ids.
* Attribute name is case sensitive.

=Return Value=
(none)

= Outputs =
* Return code is 0 in case of success.
* Return code is non-zero in case of failure.

= Rollback =
(none)

= Logging =
AE logs will be displayed in the AE report.

= Example =
- Vertex IDs: 						0:1,0:65,0:63,0:1053
- Attribute Name:					build-number
- Attribute Value:					123

= Sample curl command=
curl -X POST -s --data-binary "@C:\Agent\temp\attributeJSON-0001070248.txt" "http://207.138.132.8:10488/apm/appmap/private/attributes/assign" --header "Content-Type:application/json" --header "Authorization: Bearer <token>"

=JSON Sample=
{ "vertexIds": ["0:1","0:65","0:63","0:1053"],"attributeName" : "build-num",  "attributeValue" :  "101"}]]></DOC>
</DOCU_Docu>
</JOBP>
<JOBI name="PCK.AUTOMIC_CA_APM.PUB.INCLUDE.CHECK_FAILED_IDS">
<HEADER state="1">
<Title>Check failed ids</Title>
<ArchiveKey1/>
<ArchiveKey2/>
<OH_SubType/>
</HEADER>
<SCRIPT mode="1" state="1">
<MSCRI><![CDATA[:SET &STATUS# = GET_UC_OBJECT_STATUS(,,"RETCODE")
: SET &FAILED_IDS# = "failedIds"
:IF &STATUS# EQ 0
:  SET &HND# = PREP_PROCESS_REPORT("JOBS",, "REP","UC4RB_JSON_RESPONSE*","COL=DELIMITER,DELIMITER=*::=*")
:  PROCESS &HND#
:         SET &KEY# = GET_PROCESS_LINE(&HND#,1)
:         SET &VALUE# = GET_PROCESS_LINE(&HND#,2)
:         set &STRING_TO_BE_SEARCH# = "failedIds"
:         set &pos# = STR_FIND(&VALUE#, &STRING_TO_BE_SEARCH# ,1 )

:         SET &START_BRACKET# = STR_FIND(&VALUE#,'[',&POS#)

:         SET &END_BRACKET# = STR_FIND(&VALUE#,']',&START_BRACKET#)

:         SET &DIFF# = &END_BRACKET#-&START_BRACKET#
:         IF &DIFF# <> 1
:            MODIFY_STATE RETCODE=1
:          MODIFY_STATE STATUS_TEXT="Action failed."
:         ENDIF

:  ENDPROCESS
:  CLOSE_PROCESS &HND#
:  ENDIF]]></MSCRI>
</SCRIPT>
<DOCU_Docu state="1" type="text">
<DOC/>
</DOCU_Docu>
</JOBI>
<JOBS_UNIX AttrType="UNIX" name="PCK.AUTOMIC_CA_APM.PRV.JOB.ADD_CUSTOM_ATTRIBUTE@UNIX">
<XHEADER state="1">
<Title>Add custom attribute</Title>
<ArchiveKey1/>
<ArchiveKey2/>
<Active>1</Active>
<OH_SubType/>
<CustomAttributes KeyListID="0" dataRequestID="0"/>
</XHEADER>
<OUTPUTREG state="1">
<FileReg/>
</OUTPUTREG>
<SYNCREF state="1">
<Syncs/>
</SYNCREF>
<ATTR_JOBS state="1">
<Queue>CLIENT_QUEUE</Queue>
<StartType/>
<HostDst>|&lt;UNIX&gt;|HOST</HostDst>
<HostATTR_Type>UNIX</HostATTR_Type>
<CodeName/>
<Login/>
<IntAccount/>
<ExtRepDef>1</ExtRepDef>
<ExtRepAll>0</ExtRepAll>
<ExtRepNone>0</ExtRepNone>
<AutoDeactNo>0</AutoDeactNo>
<AutoDeact1ErrorFree>0</AutoDeact1ErrorFree>
<AutoDeactErrorFree>0</AutoDeactErrorFree>
<DeactWhen/>
<DeactDelay>0</DeactDelay>
<AutoDeactAlways>1</AutoDeactAlways>
<AttDialog>0</AttDialog>
<ActAtRun>0</ActAtRun>
<Consumption>0</Consumption>
<UC4Priority>0</UC4Priority>
<MaxParallel2>0</MaxParallel2>
<MpElse1>1</MpElse1>
<MpElse2>0</MpElse2>
<TZ/>
</ATTR_JOBS>
<ATTR_UNIX state="1">
<OutputDb>1</OutputDb>
<OutputDbErr>0</OutputDbErr>
<OutputFile>0</OutputFile>
<ShellScript>1</ShellScript>
<Command>0</Command>
<Priority>0</Priority>
<Shell>-bash</Shell>
<ShellOptions/>
<Com/>
</ATTR_UNIX>
<RUNTIME state="1">
<MaxRetCode>0</MaxRetCode>
<MrcExecute/>
<MrcElseE>0</MrcElseE>
<FcstStatus>0| |</FcstStatus>
<Ert>0</Ert>
<ErtMethodDef>1</ErtMethodDef>
<ErtMethodFix>0</ErtMethodFix>
<ErtFix>0</ErtFix>
<ErtDynMethod>2|Average</ErtDynMethod>
<ErtMethodDyn>0</ErtMethodDyn>
<ErtCnt>0</ErtCnt>
<ErtCorr>0</ErtCorr>
<ErtIgn>0</ErtIgn>
<ErtIgnFlg>0</ErtIgnFlg>
<ErtMinCnt>0</ErtMinCnt>
<MrtMethodNone>1</MrtMethodNone>
<MrtMethodFix>0</MrtMethodFix>
<MrtFix>0</MrtFix>
<MrtMethodErt>0</MrtMethodErt>
<MrtErt>0</MrtErt>
<MrtMethodDate>0</MrtMethodDate>
<MrtDays>0</MrtDays>
<MrtTime>00:00</MrtTime>
<MrtTZ/>
<SrtMethodNone>1</SrtMethodNone>
<SrtMethodFix>0</SrtMethodFix>
<SrtFix>0</SrtFix>
<SrtMethodErt>0</SrtMethodErt>
<SrtErt>0</SrtErt>
<MrtCancel>0</MrtCancel>
<MrtExecute>0</MrtExecute>
<MrtExecuteObj/>
</RUNTIME>
<DYNVALUES state="1">
<dyntree>
<node content="1" id="VALUE" name="Variables" parent="" type="VALUE">
<VALUE state="1">
<Values/>
<Mode>0</Mode>
</VALUE>
</node>
</dyntree>
</DYNVALUES>
<ROLLBACK state="1">
<RollbackFlag>0</RollbackFlag>
<CBackupObj/>
<CRollbackObj/>
<FBackupPath/>
<FDeleteBefore>0</FDeleteBefore>
<FInclSubDirs>0</FInclSubDirs>
</ROLLBACK>
<PRE_SCRIPT mode="1" replacementmode="1" state="1">
<PSCRI><![CDATA[:INC PCK.ITPA_SHARED.PUB.INCLUDE.START_STOP_JOB_ACCORDING_TO_AGENT_OS]]></PSCRI>
</PRE_SCRIPT>
<SCRIPT mode="1" state="1">
<MSCRI><![CDATA[: DEFINE &STRING_ARR#, string, 30
: INC PCK.ITPA_SHARED.PUB.INCLUDE.SUDOERS_HEADER

:INC PCK.ITPA_SHARED.PUB.INCLUDE.ATTACH

!-------------------------------------logging input parameters----------------------------->

: INC PCK.ITPA_SHARED.PRV.INCLUDE.LOGGING.HEADER.PARAM_VALIDATION
: SET &UC4RB_LOGGING_PARAMETER# = "REST API Url"
: SET &UC4RB_LOGGING_PARAMETER_VAL# = "&UC4RB_CA_APM_URL#"
: INC PCK.ITPA_SHARED.PRV.INCLUDE.LOGGING.PARAM

: SET &UC4RB_LOGGING_PARAMETER# = "Vertex Id"
: SET &UC4RB_LOGGING_PARAMETER_VAL# = "&UC4RB_CA_APM_TRANS_IDS#"
: INC PCK.ITPA_SHARED.PRV.INCLUDE.LOGGING.PARAM

: SET &UC4RB_LOGGING_PARAMETER# = "Attribute Name"
: SET &UC4RB_LOGGING_PARAMETER_VAL# = "&UC4RB_CA_APM_ATTR_NAME#"
: INC PCK.ITPA_SHARED.PRV.INCLUDE.LOGGING.PARAM

: SET &UC4RB_LOGGING_PARAMETER# = "Attribute Value"
: SET &UC4RB_LOGGING_PARAMETER_VAL# = "&UC4RB_CA_APM_ATTR_VALUE#"
: INC PCK.ITPA_SHARED.PRV.INCLUDE.LOGGING.PARAM

: INC PCK.ITPA_SHARED.PRV.INCLUDE.LOGGING.HEADER.EXECUTION

!------------------------------------------ Error Handling --------------------------------------------------------------------------------------------------------
: SET &UC4RB_LOGGING_INFO# = "******** ADD CUSTOM ATTRIBUTE ACTION EXECUTED SUCCESSFULLY ********"
: SET &UC4RB_LOGGING_ERROR# = "******** ADD CUSTOM ATTRIBUTE ACTION EXECUTION FAILED ********"

!----------------------------preparing add custom attribute command -----------------------------------
:DEFINE &CA_APM_VERTEX_IDS#, string, 90

:FILL &CA_APM_VERTEX_IDS#[] = STR_SPLIT(&UC4RB_CA_APM_TRANS_IDS#,",")

:SET &VAR# = 1
:SET &VERTEX_IDS_LEN# = LENGTH(&CA_APM_VERTEX_IDS#[],SIZE)
:SET &UC4RB_CA_APM_VERTEX# = ""

:WHILE &VAR# LT &VERTEX_IDS_LEN#
:   SET &VAR# = FORMAT(&VAR#,"0")
:   SET &UC4RB_ESCAPED_STRING# = &CA_APM_VERTEX_IDS#[&VAR#]
:   INC PCK.AUTOMIC_CA_APM.PUB.INCLUDE.ESCAPE_ARG_VALUE@UNIX
:   SET &UC4RB_CA_APM_VERTEX# = STR_CAT(&UC4RB_CA_APM_VERTEX#,&UC4RB_ESCAPED_STRING#)
:   SET &UC4RB_CA_APM_VERTEX# = STR_CAT(&UC4RB_CA_APM_VERTEX#,',')
:  SET &VAR# = &VAR#+ 1
:ENDWHILE

: SET &UC4RB_ESCAPED_STRING# = &CA_APM_VERTEX_IDS#[&VERTEX_IDS_LEN#]
: INC PCK.AUTOMIC_CA_APM.PUB.INCLUDE.ESCAPE_ARG_VALUE@UNIX
: SET &UC4RB_CA_APM_VERTEX# = STR_CAT(&UC4RB_CA_APM_VERTEX#,&UC4RB_ESCAPED_STRING#)

: SET &UC4RB_ESCAPED_STRING# = &UC4RB_CA_APM_ATTR_NAME#
: INC PCK.AUTOMIC_CA_APM.PUB.INCLUDE.ESCAPE_ARG_VALUE@UNIX
: SET &UC4RB_CA_APM_ATT_NAME# =  &UC4RB_ESCAPED_STRING#

: SET &UC4RB_ESCAPED_STRING# = &UC4RB_CA_APM_ATTR_VALUE#
: INC PCK.AUTOMIC_CA_APM.PUB.INCLUDE.ESCAPE_ARG_VALUE@UNIX
: SET &UC4RB_CA_APM_ATT_VALUE# =  &UC4RB_ESCAPED_STRING#


!creating json object
:set &JSON# = " {"
:SET &JSON# = STR_CAT(&JSON#,'"vertexIds":[')
:SET &JSON# = STR_CAT(&JSON#,'&UC4RB_CA_APM_VERTEX#')
:SET &JSON# = STR_CAT(&JSON#,"],")
:SET &JSON# = STR_CAT(&JSON#,'"attributeName":&UC4RB_CA_APM_ATT_NAME#')
:SET &JSON# = STR_CAT(&JSON#,',"attributeValue":&UC4RB_CA_APM_ATT_VALUE#')
:SET &JSON# = STR_CAT(&JSON#,"}")

:SET &UC4RB_JSON_FILE# = "attributeJSON-&$RUNID#.txt"
:SET &AGENT_TEMPDIR# = GET_VAR('UC_EX_PATH_TEMP', &AGENT#)
:SET &UC4RB_JSON_FILE_PATH# = STR_CAT(&AGENT_TEMPDIR#,"&UC4RB_JSON_FILE#")
:SET &HND# = CREATE_PROCESS(NEW)
:SET &RET# = PUT_PROCESS_LINE(&HND#, &JSON#)
:SET &RET# = WRITE_PROCESS(&HND#, &UC4RB_JSON_FILE_PATH# ,&AGENT#,&LOGIN#,OVERWRITE)
:IF &RET# <> 0
:  PRINT "Error in writing file to path : &UC4RB_JSON_FILE_PATH#"
:ENDIF
:CLOSE_PROCESS &HND#

!creating curl command
:SET &UC4RB_CA_APM_CMD# = "curl -s -X POST --data-binary "
:SET &UC4RB_CA_APM_CMD# = STR_CAT(&UC4RB_CA_APM_CMD#,'"@&UC4RB_JSON_FILE_PATH#"')
:SET &UC4RB_CA_APM_ESCAPE_STRING# = "&UC4RB_CA_APM_URL#"
:INC PCK.AUTOMIC_CA_APM.PUB.INCLUDE.ESCAPE_ARG_VALUE@UNIX

:SET &UC4RB_CA_APM_URL# = STR_CAT(&UC4RB_CA_APM_URL#,"/apm/appmap/private/attributes/assign")
:SET &UC4RB_CA_APM_URL# = STR_CAT('"',&UC4RB_CA_APM_URL#)
:SET &UC4RB_CA_APM_URL# = STR_CAT(&UC4RB_CA_APM_URL#,'"')
:SET &UC4RB_CA_APM_CMD# = STR_CAT(&UC4RB_CA_APM_CMD# , " &UC4RB_CA_APM_URL#")

:SET &UC4RB_CA_APM_CMD# = STR_CAT(&UC4RB_CA_APM_CMD#,' --header "Content-Type:application/json"')

! token
: SET &UC4RB_ENCRYPTED_PASSWORD_TMP# = "&UC4RB_CA_APM_TOKEN#"
: INC PCK.ITPA_SHARED.PRV.INCLUDE.DECRYPT_PASSWORD
: SET &UC4RB_CA_APM_CMD# = STR_CAT(&UC4RB_CA_APM_CMD#, ' --header "Authorization: Bearer $UC4_DECRYPTED_PWD "')

:PRINT &UC4RB_CA_APM_CMD#
response=`&UC4RB_CA_APM_CMD#`
echo "UC4RB_JSON_RESPONSE::=$response"
rm  &UC4RB_JSON_FILE_PATH#

!---------------------------CHECK JOB STATUS--------------------------------
:INC PCK.AUTOMIC_CA_APM.PUB.INCLUDE.CHECK_JOBSTATUS@UNIX
:INC PCK.ITPA_SHARED.PUB.INCLUDE.SUDOERS_FOOTER]]></MSCRI>
</SCRIPT>
<OUTPUTSCAN state="1">
<Inherit>N</Inherit>
<filterobjects/>
<HostFsc/>
<LoginFsc/>
</OUTPUTSCAN>
<POST_SCRIPT mode="1" replacementmode="1" state="1">
<OSCRI><![CDATA[:INC PCK.AUTOMIC_CA_APM.PUB.INCLUDE.CHECK_FAILED_IDS]]></OSCRI>
</POST_SCRIPT>
<DOCU_Docu state="1" type="text">
<DOC/>
</DOCU_Docu>
</JOBS_UNIX>
<JOBS_WINDOWS AttrType="WINDOWS" name="PCK.AUTOMIC_CA_APM.PRV.JOB.ADD_CUSTOM_ATTRIBUTE@WINDOWS">
<XHEADER state="1">
<Title>Add custom attribute</Title>
<ArchiveKey1/>
<ArchiveKey2/>
<Active>1</Active>
<OH_SubType/>
<CustomAttributes KeyListID="0" dataRequestID="0"/>
</XHEADER>
<OUTPUTREG state="1">
<FileReg/>
</OUTPUTREG>
<SYNCREF state="1">
<Syncs/>
</SYNCREF>
<ATTR_JOBS state="1">
<Queue>CLIENT_QUEUE</Queue>
<StartType/>
<HostDst>|&lt;WIN&gt;|HOST</HostDst>
<HostATTR_Type>WINDOWS</HostATTR_Type>
<CodeName/>
<Login/>
<IntAccount/>
<ExtRepDef>1</ExtRepDef>
<ExtRepAll>0</ExtRepAll>
<ExtRepNone>0</ExtRepNone>
<AutoDeactNo>0</AutoDeactNo>
<AutoDeact1ErrorFree>0</AutoDeact1ErrorFree>
<AutoDeactErrorFree>0</AutoDeactErrorFree>
<DeactWhen/>
<DeactDelay>0</DeactDelay>
<AutoDeactAlways>1</AutoDeactAlways>
<AttDialog>0</AttDialog>
<ActAtRun>0</ActAtRun>
<Consumption>0</Consumption>
<UC4Priority>0</UC4Priority>
<MaxParallel2>0</MaxParallel2>
<MpElse1>1</MpElse1>
<MpElse2>0</MpElse2>
<TZ/>
</ATTR_JOBS>
<ATTR_WINDOWS state="1">
<OutputDb>1</OutputDb>
<OutputDbErr>0</OutputDbErr>
<OutputFile>0</OutputFile>
<IsGenerated>0</IsGenerated>
<BAT>1</BAT>
<COM>0</COM>
<WinBatch>0</WinBatch>
<Standard>1</Standard>
<Minimized>0</Minimized>
<Maximized>0</Maximized>
<JObjDefault>1</JObjDefault>
<JObjYes>0</JObjYes>
<JObjNo>0</JObjNo>
<WorkingDirectory>c:\</WorkingDirectory>
<Command/>
<LogOn>0</LogOn>
<ShowJob>0</ShowJob>
</ATTR_WINDOWS>
<RUNTIME state="1">
<MaxRetCode>0</MaxRetCode>
<MrcExecute/>
<MrcElseE>0</MrcElseE>
<FcstStatus>0| |</FcstStatus>
<Ert>0</Ert>
<ErtMethodDef>1</ErtMethodDef>
<ErtMethodFix>0</ErtMethodFix>
<ErtFix>0</ErtFix>
<ErtDynMethod>2|Average</ErtDynMethod>
<ErtMethodDyn>0</ErtMethodDyn>
<ErtCnt>0</ErtCnt>
<ErtCorr>0</ErtCorr>
<ErtIgn>0</ErtIgn>
<ErtIgnFlg>0</ErtIgnFlg>
<ErtMinCnt>0</ErtMinCnt>
<MrtMethodNone>1</MrtMethodNone>
<MrtMethodFix>0</MrtMethodFix>
<MrtFix>0</MrtFix>
<MrtMethodErt>0</MrtMethodErt>
<MrtErt>0</MrtErt>
<MrtMethodDate>0</MrtMethodDate>
<MrtDays>0</MrtDays>
<MrtTime>00:00</MrtTime>
<MrtTZ/>
<SrtMethodNone>1</SrtMethodNone>
<SrtMethodFix>0</SrtMethodFix>
<SrtFix>0</SrtFix>
<SrtMethodErt>0</SrtMethodErt>
<SrtErt>0</SrtErt>
<MrtCancel>0</MrtCancel>
<MrtExecute>0</MrtExecute>
<MrtExecuteObj/>
</RUNTIME>
<DYNVALUES state="1">
<dyntree>
<node content="1" id="VALUE" name="Variables" parent="" type="VALUE">
<VALUE state="1">
<Values/>
<Mode>0</Mode>
</VALUE>
</node>
</dyntree>
</DYNVALUES>
<ROLLBACK state="1">
<RollbackFlag>0</RollbackFlag>
<CBackupObj/>
<CRollbackObj/>
<FBackupPath/>
<FDeleteBefore>0</FDeleteBefore>
<FInclSubDirs>0</FInclSubDirs>
</ROLLBACK>
<PRE_SCRIPT mode="1" replacementmode="1" state="1">
<PSCRI><![CDATA[:INC PCK.ITPA_SHARED.PUB.INCLUDE.START_STOP_JOB_ACCORDING_TO_AGENT_OS]]></PSCRI>
</PRE_SCRIPT>
<SCRIPT mode="1" state="1">
<MSCRI><![CDATA[@echo off

:INC PCK.ITPA_SHARED.PUB.INCLUDE.ATTACH

!-------------------------------------logging input parameters----------------------------->

: INC PCK.ITPA_SHARED.PRV.INCLUDE.LOGGING.HEADER.PARAM_VALIDATION
: SET &UC4RB_LOGGING_PARAMETER# = "REST API Url"
: SET &UC4RB_LOGGING_PARAMETER_VAL# = "&UC4RB_CA_APM_URL#"
: INC PCK.ITPA_SHARED.PRV.INCLUDE.LOGGING.PARAM

: SET &UC4RB_LOGGING_PARAMETER# = "Vertex Id"
: SET &UC4RB_LOGGING_PARAMETER_VAL# = "&UC4RB_CA_APM_TRANS_IDS#"
: INC PCK.ITPA_SHARED.PRV.INCLUDE.LOGGING.PARAM

: SET &UC4RB_LOGGING_PARAMETER# = "Attribute Name"
: SET &UC4RB_LOGGING_PARAMETER_VAL# = "&UC4RB_CA_APM_ATTR_NAME#"
: INC PCK.ITPA_SHARED.PRV.INCLUDE.LOGGING.PARAM

: SET &UC4RB_LOGGING_PARAMETER# = "Attribute Value"
: SET &UC4RB_LOGGING_PARAMETER_VAL# = "&UC4RB_CA_APM_ATTR_VALUE#"
: INC PCK.ITPA_SHARED.PRV.INCLUDE.LOGGING.PARAM

: INC PCK.ITPA_SHARED.PRV.INCLUDE.LOGGING.HEADER.EXECUTION
!-------------------------------------------- Status messages----------------------------
: SET &UC4RB_LOGGING_INFO# = "******** ADD CUSTOM ATTRIBUTE ACTION EXECUTED SUCCESSFULLY ********"
: SET &UC4RB_LOGGING_ERROR# = "******** ADD CUSTOM ATTRIBUTE ACTION FAILED ********"

!----------------------------preparing add custom attribute command -----------------------------------

:DEFINE &CA_APM_VERTEX_IDS#, string, 90

:FILL &CA_APM_VERTEX_IDS#[] = STR_SPLIT(&UC4RB_CA_APM_TRANS_IDS#,",")

:SET &VAR# = 1
:SET &VERTEX_IDS_LEN# = LENGTH(&CA_APM_VERTEX_IDS#[],SIZE)
:SET &UC4RB_CA_APM_VERTEX# = ""

:WHILE &VAR# LT &VERTEX_IDS_LEN#
:   SET &VAR# = FORMAT(&VAR#,"0")
:   SET &UC4RB_ESCAPED_STRING# = &CA_APM_VERTEX_IDS#[&VAR#]
:   INC PCK.AUTOMIC_CA_APM.PUB.INCLUDE.ESCAPE_ARG_VALUE@WIN
:   SET &UC4RB_CA_APM_VERTEX# = STR_CAT(&UC4RB_CA_APM_VERTEX#,&UC4RB_ESCAPED_STRING#)
:   SET &UC4RB_CA_APM_VERTEX# = STR_CAT(&UC4RB_CA_APM_VERTEX#,',')
:  SET &VAR# = &VAR#+ 1
:ENDWHILE

: SET &UC4RB_ESCAPED_STRING# = &CA_APM_VERTEX_IDS#[&VERTEX_IDS_LEN#]
: INC PCK.AUTOMIC_CA_APM.PUB.INCLUDE.ESCAPE_ARG_VALUE@WIN
: SET &UC4RB_CA_APM_VERTEX# = STR_CAT(&UC4RB_CA_APM_VERTEX#,&UC4RB_ESCAPED_STRING#)

: SET &UC4RB_ESCAPED_STRING# = &UC4RB_CA_APM_ATTR_NAME#
: INC PCK.AUTOMIC_CA_APM.PUB.INCLUDE.ESCAPE_ARG_VALUE@WIN
: SET &UC4RB_CA_APM_ATT_NAME# =  &UC4RB_ESCAPED_STRING#

: SET &UC4RB_ESCAPED_STRING# = &UC4RB_CA_APM_ATTR_VALUE#
: INC PCK.AUTOMIC_CA_APM.PUB.INCLUDE.ESCAPE_ARG_VALUE@WIN
: SET &UC4RB_CA_APM_ATT_VALUE# =  &UC4RB_ESCAPED_STRING#

!Creating Json
:set &JSON# = " {"
:SET &JSON# = STR_CAT(&JSON#,'"vertexIds":[')
:SET &JSON# = STR_CAT(&JSON#,'&UC4RB_CA_APM_VERTEX#')
:SET &JSON# = STR_CAT(&JSON#,"],")
:SET &JSON# = STR_CAT(&JSON#,'"attributeName":&UC4RB_CA_APM_ATT_NAME#')
:SET &JSON# = STR_CAT(&JSON#,',"attributeValue":&UC4RB_CA_APM_ATT_VALUE#')
:SET &JSON# = STR_CAT(&JSON#,"}")


:SET &UC4RB_JSON_FILE# = "attributeJSON-&$RUNID#.txt"
: SET &AGENT_TEMPDIR# = GET_VAR('UC_EX_PATH_TEMP', &AGENT#)
: SET &UC4RB_JSON_FILE_PATH# = STR_CAT(&AGENT_TEMPDIR#,"&UC4RB_JSON_FILE#")
:    SET &HND# = CREATE_PROCESS(NEW)
:    SET &RET# = PUT_PROCESS_LINE(&HND#, &JSON#)
:    SET &RET# = WRITE_PROCESS(&HND#, &UC4RB_JSON_FILE_PATH# ,&AGENT#,&LOGIN#,OVERWRITE)
:    IF &RET# <> 0
:      PRINT "Error in writing file to path : &UC4RB_JSON_FILE_PATH#"
:    ENDIF
:    CLOSE_PROCESS &HND#

!Creating command
:SET &UC4RB_CA_APM_CMD# = "curl -X POST -s --data-binary"
:SET &UC4RB_CA_APM_CMD# = STR_CAT(&UC4RB_CA_APM_CMD#,' "@&UC4RB_JSON_FILE_PATH#" ');


:SET &UC4RB_CA_APM_URL# = STR_CAT(&UC4RB_CA_APM_URL#,"/apm/appmap/private/attributes/assign")
:SET &UC4RB_ESCAPED_STRING# = &UC4RB_CA_APM_URL#
:INC PCK.AUTOMIC_CA_APM.PUB.INCLUDE.ESCAPE_ARG_VALUE@WIN
:SET &UC4RB_CA_APM_URL# = &UC4RB_ESCAPED_STRING#

:SET &UC4RB_CA_APM_CMD# = STR_CAT(&UC4RB_CA_APM_CMD#,&UC4RB_CA_APM_URL#)
:SET &UC4RB_CA_APM_CMD# = STR_CAT(&UC4RB_CA_APM_CMD# ,' --header "Content-Type:application/json"')


! token
: SET &UC4RB_ENCRYPTED_PASSWORD_TMP# = "&UC4RB_CA_APM_TOKEN#"
: INC PCK.ITPA_SHARED.PRV.INCLUDE.DECRYPT_PASSWORD
  set APM_DECRYPTED_PWD=%UC4_DECRYPTED_PWD%
: SET &UC4RB_CA_APM_CMD# = STR_CAT(&UC4RB_CA_APM_CMD#, ' --header "Authorization: Bearer %APM_DECRYPTED_PWD% "')

 &UC4RB_CA_APM_CMD#
IF %ERRORLEVEL% NEQ 0 (
:INC PCK.ITPA_SHARED.PRV.INCLUDE.LOGGING.ERROR
:INC PCK.ITPA_SHARED.PRV.INCLUDE.CHECK_CMDLINE_CMD@WINDOWS
)
:PRINT  &UC4RB_CA_APM_CMD#

setlocal enabledelayedexpansion
echo.

FOR /F "tokens=*" %%i IN (' &UC4RB_CA_APM_CMD# ') DO (
set json_res=%%i
)
ECHO UC4RB_JSON_RESPONSE::=!json_res!
del &UC4RB_JSON_FILE_PATH#

endlocal
!---------------------------CHECK JOB STATUS--------------------------------
:INC PCK.AUTOMIC_CA_APM.PUB.INCLUDE.CHECK_JOBSTATUS@WIN]]></MSCRI>
</SCRIPT>
<OUTPUTSCAN state="1">
<Inherit>N</Inherit>
<filterobjects/>
<HostFsc/>
<LoginFsc/>
</OUTPUTSCAN>
<POST_SCRIPT mode="1" replacementmode="1" state="1">
<OSCRI><![CDATA[:INC PCK.AUTOMIC_CA_APM.PUB.INCLUDE.CHECK_FAILED_IDS]]></OSCRI>
</POST_SCRIPT>
<DOCU_Docu state="1" type="text">
<DOC/>
</DOCU_Docu>
</JOBS_WINDOWS>
<PRPT name="PCK.AUTOMIC_CA_APM.PRV.PROMPTSET.ADD_CUSTOM_ATTRIBUTE">
<HEADER state="1">
<Title>Add custom attribute</Title>
<ArchiveKey1/>
<ArchiveKey2/>
<OH_SubType/>
</HEADER>
<PROMPTDESIGNER state="1">
<DESIGNER/>
</PROMPTDESIGNER>
<PROMPTSETXUI state="1">
<XUIEDITOR><![CDATA[<dialog height="424" icon="PRPT" id="PRPTS" left="279" top="4" width="441"><readpanel fill="b" id="PRPTBOX" nl="1" scroll="v" text="Add Custom Attributes"><properties><entry name="text">Add Custom Attributes</entry><entry name="modifiable">0</entry></properties><text alt="1" enabled="1" fill="b" focus="0" id="UC4RB_CA_APM_TRANS_IDSs.00" inputassistance="0" len="" multiline="0" multilineIcon="0" nl="1" regex="" separator=";" showaspassword="0" text="Vertex IDs" tooltip="Provide list of vertex ids, to which you want to add/update custom attributes. E.g. 0:1, 0:65,0:63&quot;" upper="0" required="0"><oninputassistant><command request="_internal" target="_view" targetaction="setAttribute" targetparam="promptname|@id"/><command request="_internal" target="_view" targetaction="setAttribute" targetparam="promptvalue|@value"/><command owner="_promptsetcontainer" owneraction="getData" request="getpromptinputassistance" target="_chainwindow"/></oninputassistant><properties><entry listparam="C" name="reference" reftype="STATIC">UC_DATATYPE_STRING</entry><entry name="text">Vertex IDs</entry><entry name="multiselect">0</entry><entry name="separator">;</entry><entry name="len"/><entry name="quotes"/><entry name="id">UC4RB_CA_APM_TRANS_IDSs.00</entry><entry name="inputassistance">0</entry><entry name="enabled">0</entry><entry name="upper">0</entry><entry name="focus">0</entry><entry name="showaspassword">0</entry><entry name="tooltip">Provide list of vertex ids, to which you want to add/update custom attributes. E.g. 0:1, 0:65,0:63</entry><entry name="customfield"/><entry name="xmlkey"/><entry name="xmlpath"/><entry name="modifiable">1</entry><entry name="multiline">0</entry><entry name="multilineIcon">0</entry><entry name="regex"/><entry name="required">1</entry><entry name="resetable">1</entry><entry name="initvalue"/><entry name="onchangereset"/></properties></text><text alt="1" enabled="1" fill="b" focus="0" id="UC4RB_CA_APM_ATTR_NAMEs.00" inputassistance="0" len="" multiline="0" multilineIcon="0" nl="1" regex="" separator=";" showaspassword="0" text="Attribute Name" tooltip="Provide the name of the attribute you want to add/update. E.g. automic-built" upper="0" required="0"><oninputassistant><command request="_internal" target="_view" targetaction="setAttribute" targetparam="promptname|@id"/><command request="_internal" target="_view" targetaction="setAttribute" targetparam="promptvalue|@value"/><command owner="_promptsetcontainer" owneraction="getData" request="getpromptinputassistance" target="_chainwindow"/></oninputassistant><properties><entry listparam="C" name="reference" reftype="STATIC">UC_DATATYPE_STRING</entry><entry name="text">Attribute Name</entry><entry name="multiselect">0</entry><entry name="separator">;</entry><entry name="len"/><entry name="quotes"/><entry name="id">UC4RB_CA_APM_ATTR_NAMEs.00</entry><entry name="inputassistance">0</entry><entry name="enabled">0</entry><entry name="upper">0</entry><entry name="focus">0</entry><entry name="showaspassword">0</entry><entry name="tooltip">Provide the name of the attribute you want to add/update. E.g. automic-built</entry><entry name="customfield"/><entry name="xmlkey"/><entry name="xmlpath"/><entry name="modifiable">1</entry><entry name="multiline">0</entry><entry name="multilineIcon">0</entry><entry name="regex"/><entry name="required">1</entry><entry name="resetable">1</entry><entry name="initvalue"/><entry name="onchangereset"/></properties></text><text alt="1" enabled="1" fill="b" focus="0" id="UC4RB_CA_APM_ATTR_VALUEs.00" inputassistance="0" len="" multiline="0" multilineIcon="0" nl="1" regex="" separator=";" showaspassword="0" text="Attribute Value" tooltip="Provide the value of the attribute to be assigned. E.g. 200" upper="0" required="0"><oninputassistant><command request="_internal" target="_view" targetaction="setAttribute" targetparam="promptname|@id"/><command request="_internal" target="_view" targetaction="setAttribute" targetparam="promptvalue|@value"/><command owner="_promptsetcontainer" owneraction="getData" request="getpromptinputassistance" target="_chainwindow"/></oninputassistant><properties><entry listparam="C" name="reference" reftype="STATIC">UC_DATATYPE_STRING</entry><entry name="text">Attribute Value</entry><entry name="multiselect">0</entry><entry name="separator">;</entry><entry name="len"/><entry name="quotes"/><entry name="id">UC4RB_CA_APM_ATTR_VALUEs.00</entry><entry name="inputassistance">0</entry><entry name="enabled">0</entry><entry name="upper">0</entry><entry name="focus">0</entry><entry name="showaspassword">0</entry><entry name="tooltip">Provide the value of the attribute to be assigned. E.g. 200</entry><entry name="customfield"/><entry name="xmlkey"/><entry name="xmlpath"/><entry name="modifiable">1</entry><entry name="multiline">0</entry><entry name="multilineIcon">0</entry><entry name="regex"/><entry name="required">1</entry><entry name="resetable">1</entry><entry name="initvalue"/><entry name="onchangereset"/></properties></text></readpanel></dialog>]]></XUIEDITOR>
</PROMPTSETXUI>
<PROMPTSETDATA state="1">
<DATAEDITOR><![CDATA[<PRPTS ontop="1"><PRPTBOX><UC4RB_CA_APM_TRANS_IDSs.00 haslist="0" msgnr="-1" msginsert="" altview="0" promptname="UC4RB_CA_APM_TRANS_IDS#" ReadFromTable="OPSE"></UC4RB_CA_APM_TRANS_IDSs.00><UC4RB_CA_APM_ATTR_NAMEs.00 haslist="0" msgnr="-1" msginsert="" altview="0" promptname="UC4RB_CA_APM_ATTR_NAME#" ReadFromTable="OPSE"></UC4RB_CA_APM_ATTR_NAMEs.00><UC4RB_CA_APM_ATTR_VALUEs.00 haslist="0" msgnr="-1" msginsert="" altview="0" promptname="UC4RB_CA_APM_ATTR_VALUE#" ReadFromTable="OPSE"></UC4RB_CA_APM_ATTR_VALUEs.00></PRPTBOX></PRPTS>]]></DATAEDITOR>
</PROMPTSETDATA>
<DOCU_Docu state="1" type="text">
<DOC/>
</DOCU_Docu>
</PRPT>
<JOBI name="PCK.AUTOMIC_CA_APM.PUB.INCLUDE.CHECK_JOBSTATUS@UNIX">
<HEADER state="1">
<Title>Check Job Status</Title>
<ArchiveKey1/>
<ArchiveKey2/>
<OH_SubType/>
</HEADER>
<SCRIPT mode="1" state="1">
<MSCRI><![CDATA[!Error handling
execcode=$?
if [ $execcode -eq 0 ]
then
:  INC PCK.ITPA_SHARED.PRV.INCLUDE.LOGGING.INFO
else
:  INC PCK.ITPA_SHARED.PRV.INCLUDE.LOGGING.ERROR
fi
if [ "$execcode" -ne "0" ]
then
    exit $execcode
fi]]></MSCRI>
</SCRIPT>
<DOCU_Docu state="1" type="text">
<DOC/>
</DOCU_Docu>
</JOBI>
<JOBI name="PCK.AUTOMIC_CA_APM.PUB.INCLUDE.CHECK_JOBSTATUS@WIN">
<HEADER state="1">
<Title>Check Job Status</Title>
<ArchiveKey1/>
<ArchiveKey2/>
<OH_SubType/>
</HEADER>
<SCRIPT mode="1" state="1">
<MSCRI><![CDATA[!Error handling
IF %ERRORLEVEL% EQU 0 (
:INC PCK.ITPA_SHARED.PRV.INCLUDE.LOGGING.INFO
)ELSE (
:INC PCK.ITPA_SHARED.PRV.INCLUDE.LOGGING.ERROR
)
:INC PCK.ITPA_SHARED.PRV.INCLUDE.CHECK_CMDLINE_CMD@WINDOWS]]></MSCRI>
</SCRIPT>
<DOCU_Docu state="1" type="text">
<DOC><![CDATA[It calculates and publish the job status based on some known parameters. It considers the following things into account.
* Any OS command failed or not. (E.g. ERRORLEVEL OS variable)
* Job explicitly sets error code into known variable.  
* AE Script processing error. (E.g. Validation errors)
It considers any non zero value as error scenario.
Further based on job status, it logs the success or failure message into Job report.

This include can be only used in Job's Process tab.
It can be used for both Windows and Unix environment.
]]></DOC>
</DOCU_Docu>
</JOBI>
<JOBI name="PCK.AUTOMIC_CA_APM.PUB.INCLUDE.ESCAPE_ARG_VALUE@UNIX">
<HEADER state="1">
<Title>Escape String</Title>
<ArchiveKey1/>
<ArchiveKey2/>
<OH_SubType/>
</HEADER>
<SCRIPT mode="1" state="1">
<MSCRI><![CDATA[! We escape characters based on Platform for java Strings

! Removes empty spaces at the beginning and the end of a string
: SET &UC4RB_ESCAPED_STRING# = STR_TRIM(&UC4RB_ESCAPED_STRING#)

: SET &UC4RB_ESCAPED_STRING# = STR_SUB(&UC4RB_ESCAPED_STRING#, "\", "\\")
: SET &UC4RB_ESCAPED_STRING# = STR_SUB(&UC4RB_ESCAPED_STRING#, "$", "\$")
: SET &UC4RB_ESCAPED_STRING# = STR_SUB(&UC4RB_ESCAPED_STRING#, "`", "\`")

! Escape double-quotes
: SET &UC4RB_ESCAPED_STRING# = STR_SUB(&UC4RB_ESCAPED_STRING#, '"', '\"')

! then we add double-quotes to String to preserve spaces in value
: SET &UC4RB_ESCAPED_STRING# = STR_CAT('"', &UC4RB_ESCAPED_STRING#)
: SET &UC4RB_ESCAPED_STRING# = STR_CAT(&UC4RB_ESCAPED_STRING#, '"')]]></MSCRI>
</SCRIPT>
<DOCU_Docu state="1" type="text">
<DOC/>
</DOCU_Docu>
</JOBI>
<JOBI name="PCK.AUTOMIC_CA_APM.PUB.INCLUDE.ESCAPE_ARG_VALUE@WIN">
<HEADER state="1">
<Title>Escape String</Title>
<ArchiveKey1/>
<ArchiveKey2/>
<OH_SubType/>
</HEADER>
<SCRIPT mode="1" state="1">
<MSCRI><![CDATA[! We escape characters based on Platform for java Strings

! Removes empty spaces at the beginning and the end of a string
: SET &UC4RB_ESCAPED_STRING# = STR_TRIM(&UC4RB_ESCAPED_STRING#)

! Escape double-quotes
: SET &UC4RB_ESCAPED_STRING# = STR_SUB(&UC4RB_ESCAPED_STRING#, '"', '\"')

! then we add double-quotes to String to preserve spaces in value
: SET &UC4RB_ESCAPED_STRING# = STR_CAT('"', &UC4RB_ESCAPED_STRING#)
: SET &UC4RB_ESCAPED_STRING# = STR_CAT(&UC4RB_ESCAPED_STRING#, '"')]]></MSCRI>
</SCRIPT>
<DOCU_Docu state="1" type="text">
<DOC><![CDATA[It escapes the input parameters and wrap the parameter surrounded by quotes(").
]]></DOC>
</DOCU_Docu>
</JOBI>
<PRPT name="PCK.AUTOMIC_CA_APM.PUB.PROMPTSET.CONNECT_TO_CA_APM">
<HEADER state="1">
<Title>Connection details for CA APM</Title>
<ArchiveKey1/>
<ArchiveKey2/>
<OH_SubType/>
</HEADER>
<PROMPTDESIGNER state="1">
<DESIGNER/>
</PROMPTDESIGNER>
<PROMPTSETXUI state="1">
<XUIEDITOR><![CDATA[<dialog height="506" icon="PRPT" id="PRPTS" left="279" top="4" width="420"><readpanel fill="b" id="PRPTBOX" nl="1" scroll="v" text="Connection Details"><properties><entry name="text">Connection Details</entry><entry name="modifiable">0</entry></properties><text alt="1" enabled="1" fill="b" focus="0" id="UC4RB_CA_APM_URLs.00" inputassistance="0" len="" multiline="0" multilineIcon="0" nl="1" regex="" separator=";" showaspassword="0" text="REST API URL" tooltip="The URL specifies the entry point of the CA APM REST service. E.g. http://207.138.132.8:10488" upper="0" required="0"><oninputassistant><command request="_internal" target="_view" targetaction="setAttribute" targetparam="promptname|@id"/><command request="_internal" target="_view" targetaction="setAttribute" targetparam="promptvalue|@value"/><command owner="_promptsetcontainer" owneraction="getData" request="getpromptinputassistance" target="_chainwindow"/></oninputassistant><properties><entry listparam="C" name="reference" reftype="STATIC">UC_DATATYPE_STRING</entry><entry name="text">REST API URL</entry><entry name="multiselect">0</entry><entry name="separator">;</entry><entry name="len"/><entry name="quotes"/><entry name="id">UC4RB_CA_APM_URLs.00</entry><entry name="inputassistance">0</entry><entry name="enabled">0</entry><entry name="upper">0</entry><entry name="focus">0</entry><entry name="showaspassword">0</entry><entry name="tooltip">The URL specifies the entry point of the CA APM REST service. E.g. http://207.138.132.8:10488</entry><entry name="customfield"/><entry name="xmlkey"/><entry name="xmlpath"/><entry name="modifiable">1</entry><entry name="multiline">0</entry><entry name="multilineIcon">0</entry><entry name="regex"/><entry name="required">1</entry><entry name="resetable">1</entry><entry name="initvalue"/><entry name="onchangereset"/></properties></text><text alt="1" enabled="1" fill="b" focus="0" id="UC4RB_CA_APM_TOKENs.00" inputassistance="0" len="" multiline="0" multilineIcon="0" nl="1" regex="" separator=";" showaspassword="1" text="Token" tooltip="Specify the token to connect to CA APM." upper="0" required="0"><oninputassistant><command request="_internal" target="_view" targetaction="setAttribute" targetparam="promptname|@id"/><command request="_internal" target="_view" targetaction="setAttribute" targetparam="promptvalue|@value"/><command owner="_promptsetcontainer" owneraction="getData" request="getpromptinputassistance" target="_chainwindow"/></oninputassistant><properties><entry listparam="C" name="reference" reftype="STATIC">UC_DATATYPE_STRING</entry><entry name="text">Token</entry><entry name="multiselect">0</entry><entry name="separator">;</entry><entry name="len"/><entry name="quotes"/><entry name="id">UC4RB_CA_APM_TOKENs.00</entry><entry name="inputassistance">0</entry><entry name="enabled">0</entry><entry name="upper">0</entry><entry name="focus">0</entry><entry name="showaspassword">1</entry><entry name="tooltip">Specify the token to connect to CA APM.</entry><entry name="customfield"/><entry name="xmlkey"/><entry name="xmlpath"/><entry name="modifiable">1</entry><entry name="multiline">0</entry><entry name="multilineIcon">0</entry><entry name="regex"/><entry name="required">1</entry><entry name="resetable">1</entry><entry name="initvalue"/><entry name="onchangereset"/></properties></text></readpanel></dialog>]]></XUIEDITOR>
</PROMPTSETXUI>
<PROMPTSETDATA state="1">
<DATAEDITOR><![CDATA[<PRPTS ontop="1"><PRPTBOX><UC4RB_CA_APM_URLs.00 haslist="0" msgnr="-1" msginsert="" altview="0" promptname="UC4RB_CA_APM_URL#" ReadFromTable="OPSE"></UC4RB_CA_APM_URLs.00><UC4RB_CA_APM_TOKENs.00 haslist="0" msgnr="-1" msginsert="" altview="0" promptname="UC4RB_CA_APM_TOKEN#" ReadFromTable="OPSE">--10FBA41CCE80A626FF9F1A8BC87ECEB23E141388E66BC9D730</UC4RB_CA_APM_TOKENs.00></PRPTBOX></PRPTS>]]></DATAEDITOR>
</PROMPTSETDATA>
<DOCU_Docu state="1" type="text">
<DOC/>
</DOCU_Docu>
</PRPT>
</uc-export>
